target,image_type,kilogram_id,file_loc
C,tangram,page-C,page-C.svg
G,tangram,page-G,page-G.svg
H,tangram,page-H,page-H.svg
B,tangram,page-B,page-B.svg
K,tangram,page-K,page-K.svg
L,tangram,page-L,page-L.svg
A,tangram,page-A,page-A.svg
D,tangram,page-D,page-D.svg
F,tangram,page-F,page-F.svg
I,tangram,page-I,page-I.svg
E,tangram,page-E,page-E.svg
J,tangram,page-J,page-J.svg
page2-136,tangram,page2-136,page2-136.svg
page7-79,tangram,page7-79,page7-79.svg
page6-52,tangram,page6-52,page6-52.svg
page8-248,tangram,page8-248,page8-248.svg
page6-206,tangram,page6-206,page6-206.svg
page2-100,tangram,page2-100,page2-100.svg
page9-40,tangram,page9-40,page9-40.svg
page6-160,tangram,page6-160,page6-160.svg
page5-139,tangram,page5-139,page5-139.svg
page7-40,tangram,page7-40,page7-40.svg
page6-155,tangram,page6-155,page6-155.svg
page6-109,tangram,page6-109,page6-109.svg
page5-71,tangram,page5-71,page5-71.svg
page5-65,tangram,page5-65,page5-65.svg
page7-166,tangram,page7-166,page7-166.svg
page7-20,tangram,page7-20,page7-20.svg
page4-11,tangram,page4-11,page4-11.svg
page8-169,tangram,page8-169,page8-169.svg
page2-140,tangram,page2-140,page2-140.svg
page5-153,tangram,page5-153,page5-153.svg
page9-39,tangram,page9-39,page9-39.svg
page1-95,tangram,page1-95,page1-95.svg
page5-86,tangram,page5-86,page5-86.svg
page7-107,tangram,page7-107,page7-107.svg
page2-34,tangram,page2-34,page2-34.svg
page6-122,tangram,page6-122,page6-122.svg
page3-52,tangram,page3-52,page3-52.svg
page3-70,tangram,page3-70,page3-70.svg
page1-133,tangram,page1-133,page1-133.svg
page7-125,tangram,page7-125,page7-125.svg
page5-121,tangram,page5-121,page5-121.svg
page8-21,tangram,page8-21,page8-21.svg
page3-201,tangram,page3-201,page3-201.svg
page7-81,tangram,page7-81,page7-81.svg
page7-44,tangram,page7-44,page7-44.svg
page8-183,tangram,page8-183,page8-183.svg
page6-1,tangram,page6-1,page6-1.svg
page7-116,tangram,page7-116,page7-116.svg
page1-117,tangram,page1-117,page1-117.svg
page3-33,tangram,page3-33,page3-33.svg
page1-30,tangram,page1-30,page1-30.svg
page7-226,tangram,page7-226,page7-226.svg
page7-53,tangram,page7-53,page7-53.svg
page8-58,tangram,page8-58,page8-58.svg
page5-85,tangram,page5-85,page5-85.svg
page7-225,tangram,page7-225,page7-225.svg
page8-246,tangram,page8-246,page8-246.svg
page2-133,tangram,page2-133,page2-133.svg
page7-115,tangram,page7-115,page7-115.svg
page5-56,tangram,page5-56,page5-56.svg
page7-126,tangram,page7-126,page7-126.svg
page5-40,tangram,page5-40,page5-40.svg
page2-16,tangram,page2-16,page2-16.svg
page7-177,tangram,page7-177,page7-177.svg
page5-45,tangram,page5-45,page5-45.svg
page1-186,tangram,page1-186,page1-186.svg
page6-185,tangram,page6-185,page6-185.svg
page6-23,tangram,page6-23,page6-23.svg
page5-63,tangram,page5-63,page5-63.svg
page1-150,tangram,page1-150,page1-150.svg
page8-206,tangram,page8-206,page8-206.svg
page7-36,tangram,page7-36,page7-36.svg
page4-142,tangram,page4-142,page4-142.svg
page6-124,tangram,page6-124,page6-124.svg
page5-36,tangram,page5-36,page5-36.svg
page3-12,tangram,page3-12,page3-12.svg
page6-208,tangram,page6-208,page6-208.svg
page5-232,tangram,page5-232,page5-232.svg
page5-84,tangram,page5-84,page5-84.svg
page5-26,tangram,page5-26,page5-26.svg
page6-71,tangram,page6-71,page6-71.svg
page7-41,tangram,page7-41,page7-41.svg
page2-86,tangram,page2-86,page2-86.svg
page8-234,tangram,page8-234,page8-234.svg
page7-186,tangram,page7-186,page7-186.svg
page4-98,tangram,page4-98,page4-98.svg
page1-48,tangram,page1-48,page1-48.svg
page5-101,tangram,page5-101,page5-101.svg
page8-156,tangram,page8-156,page8-156.svg
page4-180,tangram,page4-180,page4-180.svg
page8-159,tangram,page8-159,page8-159.svg
page4-195,tangram,page4-195,page4-195.svg
page6-135,tangram,page6-135,page6-135.svg
page4-128,tangram,page4-128,page4-128.svg
page6-186,tangram,page6-186,page6-186.svg
page6-219,tangram,page6-219,page6-219.svg
page6-21,tangram,page6-21,page6-21.svg
page6-226,tangram,page6-226,page6-226.svg
page7-15,tangram,page7-15,page7-15.svg
page4-232,tangram,page4-232,page4-232.svg
page3-66,tangram,page3-66,page3-66.svg
page6-204,tangram,page6-204,page6-204.svg
page7-145,tangram,page7-145,page7-145.svg
page6-162,tangram,page6-162,page6-162.svg
page7-73,tangram,page7-73,page7-73.svg
page4-241,tangram,page4-241,page4-241.svg
page5-66,tangram,page5-66,page5-66.svg
page5-96,tangram,page5-96,page5-96.svg
page8-192,tangram,page8-192,page8-192.svg
page2-131,tangram,page2-131,page2-131.svg
page4-96,tangram,page4-96,page4-96.svg
page7-55,tangram,page7-55,page7-55.svg
page8-38,tangram,page8-38,page8-38.svg
page2-20,tangram,page2-20,page2-20.svg
page7-202,tangram,page7-202,page7-202.svg
page7-113,tangram,page7-113,page7-113.svg
page7-29,tangram,page7-29,page7-29.svg
page6-167,tangram,page6-167,page6-167.svg
page2-36,tangram,page2-36,page2-36.svg
page1-132,tangram,page1-132,page1-132.svg
page1-77,tangram,page1-77,page1-77.svg
page1-172,tangram,page1-172,page1-172.svg
page1-185,tangram,page1-185,page1-185.svg
page7-203,tangram,page7-203,page7-203.svg
page3-61,tangram,page3-61,page3-61.svg
page7-127,tangram,page7-127,page7-127.svg
page5-165,tangram,page5-165,page5-165.svg
page5-80,tangram,page5-80,page5-80.svg
page3-139,tangram,page3-139,page3-139.svg
page8-247,tangram,page8-247,page8-247.svg
page6-121,tangram,page6-121,page6-121.svg
page6-171,tangram,page6-171,page6-171.svg
page6-245,tangram,page6-245,page6-245.svg
page4-190,tangram,page4-190,page4-190.svg
page6-166,tangram,page6-166,page6-166.svg
page6-196,tangram,page6-196,page6-196.svg
page7-216,tangram,page7-216,page7-216.svg
page4-5,tangram,page4-5,page4-5.svg
page4-244,tangram,page4-244,page4-244.svg
page2-165,tangram,page2-165,page2-165.svg
page5-154,tangram,page5-154,page5-154.svg
page7-157,tangram,page7-157,page7-157.svg
page8-182,tangram,page8-182,page8-182.svg
page5-155,tangram,page5-155,page5-155.svg
page6-228,tangram,page6-228,page6-228.svg
page7-22,tangram,page7-22,page7-22.svg
page4-197,tangram,page4-197,page4-197.svg
page1-175,tangram,page1-175,page1-175.svg
page6-107,tangram,page6-107,page6-107.svg
page6-175,tangram,page6-175,page6-175.svg
page2-85,tangram,page2-85,page2-85.svg
page4-155,tangram,page4-155,page4-155.svg
page5-102,tangram,page5-102,page5-102.svg
page5-128,tangram,page5-128,page5-128.svg
page8-56,tangram,page8-56,page8-56.svg
page8-54,tangram,page8-54,page8-54.svg
page1-34,tangram,page1-34,page1-34.svg
page1-107,tangram,page1-107,page1-107.svg
page8-18,tangram,page8-18,page8-18.svg
page7-217,tangram,page7-217,page7-217.svg
page5-75,tangram,page5-75,page5-75.svg
page8-22,tangram,page8-22,page8-22.svg
page1-149,tangram,page1-149,page1-149.svg
page7-35,tangram,page7-35,page7-35.svg
page7-144,tangram,page7-144,page7-144.svg
page5-213,tangram,page5-213,page5-213.svg
page9-23,tangram,page9-23,page9-23.svg
page2-114,tangram,page2-114,page2-114.svg
page7-10,tangram,page7-10,page7-10.svg
page7-191,tangram,page7-191,page7-191.svg
page7-4,tangram,page7-4,page7-4.svg
page5-188,tangram,page5-188,page5-188.svg
page8-166,tangram,page8-166,page8-166.svg
page9-32,tangram,page9-32,page9-32.svg
page9-25,tangram,page9-25,page9-25.svg
page6-31,tangram,page6-31,page6-31.svg
page9-34,tangram,page9-34,page9-34.svg
page3-59,tangram,page3-59,page3-59.svg
page8-221,tangram,page8-221,page8-221.svg
page3-21,tangram,page3-21,page3-21.svg
page7-117,tangram,page7-117,page7-117.svg
page7-155,tangram,page7-155,page7-155.svg
page8-215,tangram,page8-215,page8-215.svg
page5-120,tangram,page5-120,page5-120.svg
page3-163,tangram,page3-163,page3-163.svg
page8-176,tangram,page8-176,page8-176.svg
page1-128,tangram,page1-128,page1-128.svg
page2-64,tangram,page2-64,page2-64.svg
page1-97,tangram,page1-97,page1-97.svg
page5-233,tangram,page5-233,page5-233.svg
page2-190,tangram,page2-190,page2-190.svg
page6-192,tangram,page6-192,page6-192.svg
page6-123,tangram,page6-123,page6-123.svg
page3-207,tangram,page3-207,page3-207.svg
page4-108,tangram,page4-108,page4-108.svg
page6-53,tangram,page6-53,page6-53.svg
page5-190,tangram,page5-190,page5-190.svg
page8-217,tangram,page8-217,page8-217.svg
page3-200,tangram,page3-200,page3-200.svg
page5-174,tangram,page5-174,page5-174.svg
page3-205,tangram,page3-205,page3-205.svg
page5-107,tangram,page5-107,page5-107.svg
page9-38,tangram,page9-38,page9-38.svg
page5-235,tangram,page5-235,page5-235.svg
page8-180,tangram,page8-180,page8-180.svg
page1-22,tangram,page1-22,page1-22.svg
page4-97,tangram,page4-97,page4-97.svg
page8-222,tangram,page8-222,page8-222.svg
page5-168,tangram,page5-168,page5-168.svg
page7-148,tangram,page7-148,page7-148.svg
page1-129,tangram,page1-129,page1-129.svg
page5-143,tangram,page5-143,page5-143.svg
page4-15,tangram,page4-15,page4-15.svg
page3-26,tangram,page3-26,page3-26.svg
page5-58,tangram,page5-58,page5-58.svg
page3-168,tangram,page3-168,page3-168.svg
page4-16,tangram,page4-16,page4-16.svg
page8-199,tangram,page8-199,page8-199.svg
page4-247,tangram,page4-247,page4-247.svg
page2-166,tangram,page2-166,page2-166.svg
page7-234,tangram,page7-234,page7-234.svg
page5-89,tangram,page5-89,page5-89.svg
page3-24,tangram,page3-24,page3-24.svg
page8-216,tangram,page8-216,page8-216.svg
page8-63,tangram,page8-63,page8-63.svg
page1-82,tangram,page1-82,page1-82.svg
page1-125,tangram,page1-125,page1-125.svg
page3-99,tangram,page3-99,page3-99.svg
page7-105,tangram,page7-105,page7-105.svg
page6-198,tangram,page6-198,page6-198.svg
page5-122,tangram,page5-122,page5-122.svg
page7-109,tangram,page7-109,page7-109.svg
page5-37,tangram,page5-37,page5-37.svg
page3-189,tangram,page3-189,page3-189.svg
page8-43,tangram,page8-43,page8-43.svg
page3-193,tangram,page3-193,page3-193.svg
page6-181,tangram,page6-181,page6-181.svg
page4-93,tangram,page4-93,page4-93.svg
page7-251,tangram,page7-251,page7-251.svg
page7-198,tangram,page7-198,page7-198.svg
page3-56,tangram,page3-56,page3-56.svg
page2-159,tangram,page2-159,page2-159.svg
page8-129,tangram,page8-129,page8-129.svg
page2-26,tangram,page2-26,page2-26.svg
page3-187,tangram,page3-187,page3-187.svg
page1-79,tangram,page1-79,page1-79.svg
page3-110,tangram,page3-110,page3-110.svg
page1-113,tangram,page1-113,page1-113.svg
page1-148,tangram,page1-148,page1-148.svg
page6-117,tangram,page6-117,page6-117.svg
page7-244,tangram,page7-244,page7-244.svg
page8-210,tangram,page8-210,page8-210.svg
page4-150,tangram,page4-150,page4-150.svg
page4-19,tangram,page4-19,page4-19.svg
page4-176,tangram,page4-176,page4-176.svg
page6-205,tangram,page6-205,page6-205.svg
page4-237,tangram,page4-237,page4-237.svg
page2-189,tangram,page2-189,page2-189.svg
page3-40,tangram,page3-40,page3-40.svg
page4-103,tangram,page4-103,page4-103.svg
page5-193,tangram,page5-193,page5-193.svg
page5-184,tangram,page5-184,page5-184.svg
page4-127,tangram,page4-127,page4-127.svg
page2-152,tangram,page2-152,page2-152.svg
page3-120,tangram,page3-120,page3-120.svg
page5-134,tangram,page5-134,page5-134.svg
page6-113,tangram,page6-113,page6-113.svg
page4-229,tangram,page4-229,page4-229.svg
page1-116,tangram,page1-116,page1-116.svg
page9-46,tangram,page9-46,page9-46.svg
page1-16,tangram,page1-16,page1-16.svg
page1-66,tangram,page1-66,page1-66.svg
page1-72,tangram,page1-72,page1-72.svg
page6-92,tangram,page6-92,page6-92.svg
page5-135,tangram,page5-135,page5-135.svg
page2-24,tangram,page2-24,page2-24.svg
page9-36,tangram,page9-36,page9-36.svg
page6-179,tangram,page6-179,page6-179.svg
page2-157,tangram,page2-157,page2-157.svg
page5-81,tangram,page5-81,page5-81.svg
page7-92,tangram,page7-92,page7-92.svg
page7-106,tangram,page7-106,page7-106.svg
page1-25,tangram,page1-25,page1-25.svg
page7-179,tangram,page7-179,page7-179.svg
page8-148,tangram,page8-148,page8-148.svg
page3-198,tangram,page3-198,page3-198.svg
page5-145,tangram,page5-145,page5-145.svg
page1-14,tangram,page1-14,page1-14.svg
page7-17,tangram,page7-17,page7-17.svg
page7-76,tangram,page7-76,page7-76.svg
page2-112,tangram,page2-112,page2-112.svg
page6-176,tangram,page6-176,page6-176.svg
page5-106,tangram,page5-106,page5-106.svg
page7-32,tangram,page7-32,page7-32.svg
page5-198,tangram,page5-198,page5-198.svg
page7-132,tangram,page7-132,page7-132.svg
page6-168,tangram,page6-168,page6-168.svg
page6-143,tangram,page6-143,page6-143.svg
page8-164,tangram,page8-164,page8-164.svg
page6-159,tangram,page6-159,page6-159.svg
page7-59,tangram,page7-59,page7-59.svg
page4-92,tangram,page4-92,page4-92.svg
page4-157,tangram,page4-157,page4-157.svg
page2-48,tangram,page2-48,page2-48.svg
page5-123,tangram,page5-123,page5-123.svg
page6-24,tangram,page6-24,page6-24.svg
page4-25,tangram,page4-25,page4-25.svg
page7-147,tangram,page7-147,page7-147.svg
page2-174,tangram,page2-174,page2-174.svg
page8-236,tangram,page8-236,page8-236.svg
page2-191,tangram,page2-191,page2-191.svg
page7-161,tangram,page7-161,page7-161.svg
page4-203,tangram,page4-203,page4-203.svg
page2-49,tangram,page2-49,page2-49.svg
page7-69,tangram,page7-69,page7-69.svg
page5-239,tangram,page5-239,page5-239.svg
page2-113,tangram,page2-113,page2-113.svg
page7-195,tangram,page7-195,page7-195.svg
page3-38,tangram,page3-38,page3-38.svg
page9-31,tangram,page9-31,page9-31.svg
page4-249,tangram,page4-249,page4-249.svg
page2-103,tangram,page2-103,page2-103.svg
page8-65,tangram,page8-65,page8-65.svg
page1-73,tangram,page1-73,page1-73.svg
page1-59,tangram,page1-59,page1-59.svg
page4-135,tangram,page4-135,page4-135.svg
page3-95,tangram,page3-95,page3-95.svg
page7-58,tangram,page7-58,page7-58.svg
page2-155,tangram,page2-155,page2-155.svg
page7-135,tangram,page7-135,page7-135.svg
page2-19,tangram,page2-19,page2-19.svg
page1-31,tangram,page1-31,page1-31.svg
page8-249,tangram,page8-249,page8-249.svg
page7-52,tangram,page7-52,page7-52.svg
page3-143,tangram,page3-143,page3-143.svg
page5-220,tangram,page5-220,page5-220.svg
page2-54,tangram,page2-54,page2-54.svg
page4-59,tangram,page4-59,page4-59.svg
page2-32,tangram,page2-32,page2-32.svg
page7-154,tangram,page7-154,page7-154.svg
page3-44,tangram,page3-44,page3-44.svg
page1-122,tangram,page1-122,page1-122.svg
page6-73,tangram,page6-73,page6-73.svg
page8-207,tangram,page8-207,page8-207.svg
page1-168,tangram,page1-168,page1-168.svg
page8-153,tangram,page8-153,page8-153.svg
page9-14,tangram,page9-14,page9-14.svg
page7-180,tangram,page7-180,page7-180.svg
page1-90,tangram,page1-90,page1-90.svg
page4-156,tangram,page4-156,page4-156.svg
page9-22,tangram,page9-22,page9-22.svg
page8-235,tangram,page8-235,page8-235.svg
page7-80,tangram,page7-80,page7-80.svg
page4-164,tangram,page4-164,page4-164.svg
page7-102,tangram,page7-102,page7-102.svg
page2-72,tangram,page2-72,page2-72.svg
page4-89,tangram,page4-89,page4-89.svg
page6-177,tangram,page6-177,page6-177.svg
page6-94,tangram,page6-94,page6-94.svg
page6-210,tangram,page6-210,page6-210.svg
page7-252,tangram,page7-252,page7-252.svg
page3-3,tangram,page3-3,page3-3.svg
page2-145,tangram,page2-145,page2-145.svg
page8-77,tangram,page8-77,page8-77.svg
page8-2,tangram,page8-2,page8-2.svg
page1-29,tangram,page1-29,page1-29.svg
page2-88,tangram,page2-88,page2-88.svg
page5-74,tangram,page5-74,page5-74.svg
page4-118,tangram,page4-118,page4-118.svg
page3-32,tangram,page3-32,page3-32.svg
page4-34,tangram,page4-34,page4-34.svg
page2-105,tangram,page2-105,page2-105.svg
page6-82,tangram,page6-82,page6-82.svg
page4-194,tangram,page4-194,page4-194.svg
page8-11,tangram,page8-11,page8-11.svg
page2-47,tangram,page2-47,page2-47.svg
page1-142,tangram,page1-142,page1-142.svg
page5-132,tangram,page5-132,page5-132.svg
page5-94,tangram,page5-94,page5-94.svg
page5-182,tangram,page5-182,page5-182.svg
page8-39,tangram,page8-39,page8-39.svg
page2-129,tangram,page2-129,page2-129.svg
page2-67,tangram,page2-67,page2-67.svg
page3-23,tangram,page3-23,page3-23.svg
page6-240,tangram,page6-240,page6-240.svg
page7-16,tangram,page7-16,page7-16.svg
page5-57,tangram,page5-57,page5-57.svg
page7-65,tangram,page7-65,page7-65.svg
page7-86,tangram,page7-86,page7-86.svg
page1-171,tangram,page1-171,page1-171.svg
page4-60,tangram,page4-60,page4-60.svg
page4-130,tangram,page4-130,page4-130.svg
page5-136,tangram,page5-136,page5-136.svg
page1-5,tangram,page1-5,page1-5.svg
page7-30,tangram,page7-30,page7-30.svg
page7-13,tangram,page7-13,page7-13.svg
page7-84,tangram,page7-84,page7-84.svg
page4-220,tangram,page4-220,page4-220.svg
page3-170,tangram,page3-170,page3-170.svg
page7-57,tangram,page7-57,page7-57.svg
page9-17,tangram,page9-17,page9-17.svg
page7-219,tangram,page7-219,page7-219.svg
page2-65,tangram,page2-65,page2-65.svg
page7-28,tangram,page7-28,page7-28.svg
page4-140,tangram,page4-140,page4-140.svg
page5-246,tangram,page5-246,page5-246.svg
page9-27,tangram,page9-27,page9-27.svg
page1-75,tangram,page1-75,page1-75.svg
page8-188,tangram,page8-188,page8-188.svg
page7-184,tangram,page7-184,page7-184.svg
page4-204,tangram,page4-204,page4-204.svg
page4-239,tangram,page4-239,page4-239.svg
page1-63,tangram,page1-63,page1-63.svg
page1-103,tangram,page1-103,page1-103.svg
page5-151,tangram,page5-151,page5-151.svg
page7-39,tangram,page7-39,page7-39.svg
page3-57,tangram,page3-57,page3-57.svg
page7-196,tangram,page7-196,page7-196.svg
page5-38,tangram,page5-38,page5-38.svg
page4-148,tangram,page4-148,page4-148.svg
page1-165,tangram,page1-165,page1-165.svg
page2-187,tangram,page2-187,page2-187.svg
page8-204,tangram,page8-204,page8-204.svg
page8-179,tangram,page8-179,page8-179.svg
page1-42,tangram,page1-42,page1-42.svg
page6-114,tangram,page6-114,page6-114.svg
page1-69,tangram,page1-69,page1-69.svg
page8-240,tangram,page8-240,page8-240.svg
page7-236,tangram,page7-236,page7-236.svg
page4-169,tangram,page4-169,page4-169.svg
page2-176,tangram,page2-176,page2-176.svg
page6-173,tangram,page6-173,page6-173.svg
page7-249,tangram,page7-249,page7-249.svg
page5-18,tangram,page5-18,page5-18.svg
page9-29,tangram,page9-29,page9-29.svg
page4-177,tangram,page4-177,page4-177.svg
page7-85,tangram,page7-85,page7-85.svg
page3-128,tangram,page3-128,page3-128.svg
page7-14,tangram,page7-14,page7-14.svg
page2-106,tangram,page2-106,page2-106.svg
page6-105,tangram,page6-105,page6-105.svg
page3-60,tangram,page3-60,page3-60.svg
page7-209,tangram,page7-209,page7-209.svg
page1-156,tangram,page1-156,page1-156.svg
page4-9,tangram,page4-9,page4-9.svg
page7-88,tangram,page7-88,page7-88.svg
page3-191,tangram,page3-191,page3-191.svg
page2-21,tangram,page2-21,page2-21.svg
page4-193,tangram,page4-193,page4-193.svg
page6-80,tangram,page6-80,page6-80.svg
page7-185,tangram,page7-185,page7-185.svg
page3-31,tangram,page3-31,page3-31.svg
page7-246,tangram,page7-246,page7-246.svg
page9-30,tangram,page9-30,page9-30.svg
page7-111,tangram,page7-111,page7-111.svg
page2-17,tangram,page2-17,page2-17.svg
page1-183,tangram,page1-183,page1-183.svg
page3-123,tangram,page3-123,page3-123.svg
page5-187,tangram,page5-187,page5-187.svg
page3-29,tangram,page3-29,page3-29.svg
page6-38,tangram,page6-38,page6-38.svg
page6-137,tangram,page6-137,page6-137.svg
page5-178,tangram,page5-178,page5-178.svg
page2-101,tangram,page2-101,page2-101.svg
page6-150,tangram,page6-150,page6-150.svg
page9-16,tangram,page9-16,page9-16.svg
page6-106,tangram,page6-106,page6-106.svg
page1-49,tangram,page1-49,page1-49.svg
page9-43,tangram,page9-43,page9-43.svg
page3-34,tangram,page3-34,page3-34.svg
page3-133,tangram,page3-133,page3-133.svg
page6-83,tangram,page6-83,page6-83.svg
page2-143,tangram,page2-143,page2-143.svg
page6-72,tangram,page6-72,page6-72.svg
page2-188,tangram,page2-188,page2-188.svg
page1-0,tangram,page1-0,page1-0.svg
page5-238,tangram,page5-238,page5-238.svg
page1-96,tangram,page1-96,page1-96.svg
page8-118,tangram,page8-118,page8-118.svg
page3-47,tangram,page3-47,page3-47.svg
page5-229,tangram,page5-229,page5-229.svg
page8-147,tangram,page8-147,page8-147.svg
page4-192,tangram,page4-192,page4-192.svg
page6-158,tangram,page6-158,page6-158.svg
page6-140,tangram,page6-140,page6-140.svg
page5-0,tangram,page5-0,page5-0.svg
page5-157,tangram,page5-157,page5-157.svg
page6-28,tangram,page6-28,page6-28.svg
page3-203,tangram,page3-203,page3-203.svg
page6-138,tangram,page6-138,page6-138.svg
page6-199,tangram,page6-199,page6-199.svg
page6-43,tangram,page6-43,page6-43.svg
page3-130,tangram,page3-130,page3-130.svg
page6-164,tangram,page6-164,page6-164.svg
page5-105,tangram,page5-105,page5-105.svg
page7-156,tangram,page7-156,page7-156.svg
page7-245,tangram,page7-245,page7-245.svg
page7-224,tangram,page7-224,page7-224.svg
page7-130,tangram,page7-130,page7-130.svg
page7-149,tangram,page7-149,page7-149.svg
page5-59,tangram,page5-59,page5-59.svg
page2-80,tangram,page2-80,page2-80.svg
page7-97,tangram,page7-97,page7-97.svg
page6-13,tangram,page6-13,page6-13.svg
page7-169,tangram,page7-169,page7-169.svg
page5-87,tangram,page5-87,page5-87.svg
page7-167,tangram,page7-167,page7-167.svg
page7-26,tangram,page7-26,page7-26.svg
page5-138,tangram,page5-138,page5-138.svg
page4-65,tangram,page4-65,page4-65.svg
page9-11,tangram,page9-11,page9-11.svg
page8-184,tangram,page8-184,page8-184.svg
page7-112,tangram,page7-112,page7-112.svg
page2-150,tangram,page2-150,page2-150.svg
page1-33,tangram,page1-33,page1-33.svg
page1-65,tangram,page1-65,page1-65.svg
page5-31,tangram,page5-31,page5-31.svg
page3-167,tangram,page3-167,page3-167.svg
page6-218,tangram,page6-218,page6-218.svg
page7-247,tangram,page7-247,page7-247.svg
page4-95,tangram,page4-95,page4-95.svg
page7-136,tangram,page7-136,page7-136.svg
page7-47,tangram,page7-47,page7-47.svg
page2-126,tangram,page2-126,page2-126.svg
page6-60,tangram,page6-60,page6-60.svg
page5-207,tangram,page5-207,page5-207.svg
page4-201,tangram,page4-201,page4-201.svg
page4-64,tangram,page4-64,page4-64.svg
page4-3,tangram,page4-3,page4-3.svg
page5-104,tangram,page5-104,page5-104.svg
page4-161,tangram,page4-161,page4-161.svg
page2-40,tangram,page2-40,page2-40.svg
page5-160,tangram,page5-160,page5-160.svg
page4-242,tangram,page4-242,page4-242.svg
page7-122,tangram,page7-122,page7-122.svg
page5-179,tangram,page5-179,page5-179.svg
page4-165,tangram,page4-165,page4-165.svg
page2-79,tangram,page2-79,page2-79.svg
page7-172,tangram,page7-172,page7-172.svg
page2-137,tangram,page2-137,page2-137.svg
page1-105,tangram,page1-105,page1-105.svg
page8-174,tangram,page8-174,page8-174.svg
page3-176,tangram,page3-176,page3-176.svg
page4-185,tangram,page4-185,page4-185.svg
page1-57,tangram,page1-57,page1-57.svg
page9-13,tangram,page9-13,page9-13.svg
page1-7,tangram,page1-7,page1-7.svg
page8-142,tangram,page8-142,page8-142.svg
page1-88,tangram,page1-88,page1-88.svg
page2-124,tangram,page2-124,page2-124.svg
page1-85,tangram,page1-85,page1-85.svg
page5-6,tangram,page5-6,page5-6.svg
page4-166,tangram,page4-166,page4-166.svg
page6-221,tangram,page6-221,page6-221.svg
page4-22,tangram,page4-22,page4-22.svg
page1-47,tangram,page1-47,page1-47.svg
page4-233,tangram,page4-233,page4-233.svg
page5-44,tangram,page5-44,page5-44.svg
page9-4,tangram,page9-4,page9-4.svg
page5-28,tangram,page5-28,page5-28.svg
page2-148,tangram,page2-148,page2-148.svg
page2-90,tangram,page2-90,page2-90.svg
page2-181,tangram,page2-181,page2-181.svg
page7-18,tangram,page7-18,page7-18.svg
page3-45,tangram,page3-45,page3-45.svg
page1-112,tangram,page1-112,page1-112.svg
page3-141,tangram,page3-141,page3-141.svg
page7-218,tangram,page7-218,page7-218.svg
page6-207,tangram,page6-207,page6-207.svg
page7-188,tangram,page7-188,page7-188.svg
page8-30,tangram,page8-30,page8-30.svg
page1-40,tangram,page1-40,page1-40.svg
page3-8,tangram,page3-8,page3-8.svg
page8-230,tangram,page8-230,page8-230.svg
page1-44,tangram,page1-44,page1-44.svg
page8-24,tangram,page8-24,page8-24.svg
page6-224,tangram,page6-224,page6-224.svg
page4-86,tangram,page4-86,page4-86.svg
page6-141,tangram,page6-141,page6-141.svg
page2-170,tangram,page2-170,page2-170.svg
page1-130,tangram,page1-130,page1-130.svg
page4-20,tangram,page4-20,page4-20.svg
page2-71,tangram,page2-71,page2-71.svg
page1-26,tangram,page1-26,page1-26.svg
page1-83,tangram,page1-83,page1-83.svg
page9-35,tangram,page9-35,page9-35.svg
page1-56,tangram,page1-56,page1-56.svg
page6-112,tangram,page6-112,page6-112.svg
page5-175,tangram,page5-175,page5-175.svg
page8-72,tangram,page8-72,page8-72.svg
page2-37,tangram,page2-37,page2-37.svg
page2-168,tangram,page2-168,page2-168.svg
page5-49,tangram,page5-49,page5-49.svg
page6-75,tangram,page6-75,page6-75.svg
page5-199,tangram,page5-199,page5-199.svg
page5-249,tangram,page5-249,page5-249.svg
page7-95,tangram,page7-95,page7-95.svg
page6-78,tangram,page6-78,page6-78.svg
page1-51,tangram,page1-51,page1-51.svg
page4-17,tangram,page4-17,page4-17.svg
page4-202,tangram,page4-202,page4-202.svg
page7-33,tangram,page7-33,page7-33.svg
page6-6,tangram,page6-6,page6-6.svg
page6-200,tangram,page6-200,page6-200.svg
page2-23,tangram,page2-23,page2-23.svg
page3-166,tangram,page3-166,page3-166.svg
page1-159,tangram,page1-159,page1-159.svg
page8-239,tangram,page8-239,page8-239.svg
page8-202,tangram,page8-202,page8-202.svg
page9-15,tangram,page9-15,page9-15.svg
page3-35,tangram,page3-35,page3-35.svg
page3-174,tangram,page3-174,page3-174.svg
page3-86,tangram,page3-86,page3-86.svg
page2-4,tangram,page2-4,page2-4.svg
page4-81,tangram,page4-81,page4-81.svg
page4-56,tangram,page4-56,page4-56.svg
page4-235,tangram,page4-235,page4-235.svg
page5-183,tangram,page5-183,page5-183.svg
page5-147,tangram,page5-147,page5-147.svg
page6-99,tangram,page6-99,page6-99.svg
page3-206,tangram,page3-206,page3-206.svg
page5-27,tangram,page5-27,page5-27.svg
page4-208,tangram,page4-208,page4-208.svg
page7-181,tangram,page7-181,page7-181.svg
page3-71,tangram,page3-71,page3-71.svg
page6-165,tangram,page6-165,page6-165.svg
page2-59,tangram,page2-59,page2-59.svg
page5-72,tangram,page5-72,page5-72.svg
page7-253,tangram,page7-253,page7-253.svg
page7-146,tangram,page7-146,page7-146.svg
page4-238,tangram,page4-238,page4-238.svg
page6-184,tangram,page6-184,page6-184.svg
page6-231,tangram,page6-231,page6-231.svg
page7-194,tangram,page7-194,page7-194.svg
page8-198,tangram,page8-198,page8-198.svg
page7-71,tangram,page7-71,page7-71.svg
page5-200,tangram,page5-200,page5-200.svg
page3-41,tangram,page3-41,page3-41.svg
page5-191,tangram,page5-191,page5-191.svg
page1-114,tangram,page1-114,page1-114.svg
page1-13,tangram,page1-13,page1-13.svg
page1-162,tangram,page1-162,page1-162.svg
page8-160,tangram,page8-160,page8-160.svg
page2-42,tangram,page2-42,page2-42.svg
page4-248,tangram,page4-248,page4-248.svg
page4-243,tangram,page4-243,page4-243.svg
page2-146,tangram,page2-146,page2-146.svg
page5-142,tangram,page5-142,page5-142.svg
page1-54,tangram,page1-54,page1-54.svg
page1-110,tangram,page1-110,page1-110.svg
page8-181,tangram,page8-181,page8-181.svg
page3-37,tangram,page3-37,page3-37.svg
page8-8,tangram,page8-8,page8-8.svg
page3-124,tangram,page3-124,page3-124.svg
page3-54,tangram,page3-54,page3-54.svg
page8-152,tangram,page8-152,page8-152.svg
page7-101,tangram,page7-101,page7-101.svg
page7-242,tangram,page7-242,page7-242.svg
page3-69,tangram,page3-69,page3-69.svg
page3-101,tangram,page3-101,page3-101.svg
page3-20,tangram,page3-20,page3-20.svg
page5-176,tangram,page5-176,page5-176.svg
page6-16,tangram,page6-16,page6-16.svg
page7-96,tangram,page7-96,page7-96.svg
page7-164,tangram,page7-164,page7-164.svg
page2-15,tangram,page2-15,page2-15.svg
page5-64,tangram,page5-64,page5-64.svg
page1-24,tangram,page1-24,page1-24.svg
page5-247,tangram,page5-247,page5-247.svg
page4-141,tangram,page4-141,page4-141.svg
page8-190,tangram,page8-190,page8-190.svg
page2-134,tangram,page2-134,page2-134.svg
page1-27,tangram,page1-27,page1-27.svg
page6-27,tangram,page6-27,page6-27.svg
page5-173,tangram,page5-173,page5-173.svg
page2-138,tangram,page2-138,page2-138.svg
page4-113,tangram,page4-113,page4-113.svg
page3-53,tangram,page3-53,page3-53.svg
page2-39,tangram,page2-39,page2-39.svg
page3-171,tangram,page3-171,page3-171.svg
page8-20,tangram,page8-20,page8-20.svg
page9-7,tangram,page9-7,page9-7.svg
page9-20,tangram,page9-20,page9-20.svg
page7-183,tangram,page7-183,page7-183.svg
page6-70,tangram,page6-70,page6-70.svg
page6-172,tangram,page6-172,page6-172.svg
page4-47,tangram,page4-47,page4-47.svg
page4-55,tangram,page4-55,page4-55.svg
page5-43,tangram,page5-43,page5-43.svg
page3-43,tangram,page3-43,page3-43.svg
page8-244,tangram,page8-244,page8-244.svg
page2-158,tangram,page2-158,page2-158.svg
page7-67,tangram,page7-67,page7-67.svg
page4-10,tangram,page4-10,page4-10.svg
page5-99,tangram,page5-99,page5-99.svg
page7-72,tangram,page7-72,page7-72.svg
page7-45,tangram,page7-45,page7-45.svg
page7-165,tangram,page7-165,page7-165.svg
page1-119,tangram,page1-119,page1-119.svg
page6-111,tangram,page6-111,page6-111.svg
page4-24,tangram,page4-24,page4-24.svg
page9-42,tangram,page9-42,page9-42.svg
page7-158,tangram,page7-158,page7-158.svg
page1-178,tangram,page1-178,page1-178.svg
page7-220,tangram,page7-220,page7-220.svg
page7-137,tangram,page7-137,page7-137.svg
page5-167,tangram,page5-167,page5-167.svg
page5-244,tangram,page5-244,page5-244.svg
page1-78,tangram,page1-78,page1-78.svg
page7-205,tangram,page7-205,page7-205.svg
COCO_val2014_000000331727.jpg,photograph,NA,NA
COCO_val2014_000000396542.jpg,photograph,NA,NA
COCO_val2014_000000241638.jpg,photograph,NA,NA
COCO_val2014_000000249687.jpg,photograph,NA,NA
COCO_val2014_000000315939.jpg,photograph,NA,NA
COCO_val2014_000000248382.jpg,photograph,NA,NA
COCO_val2014_000000388398.jpg,photograph,NA,NA
COCO_val2014_000000504977.jpg,photograph,NA,NA
COCO_val2014_000000476258.jpg,photograph,NA,NA
COCO_val2014_000000251857.jpg,photograph,NA,NA
COCO_val2014_000000017003.jpg,photograph,NA,NA
COCO_val2014_000000135785.jpg,photograph,NA,NA
COCO_val2014_000000486576.jpg,photograph,NA,NA
COCO_val2014_000000280766.jpg,photograph,NA,NA
COCO_val2014_000000353953.jpg,photograph,NA,NA
COCO_val2014_000000373768.jpg,photograph,NA,NA
COCO_val2014_000000127781.jpg,photograph,NA,NA
COCO_val2014_000000104683.jpg,photograph,NA,NA
COCO_val2014_000000339845.jpg,photograph,NA,NA
COCO_val2014_000000025123.jpg,photograph,NA,NA
COCO_val2014_000000419074.jpg,photograph,NA,NA
COCO_val2014_000000161044.jpg,photograph,NA,NA
COCO_val2014_000000551650.jpg,photograph,NA,NA
COCO_val2014_000000455943.jpg,photograph,NA,NA
COCO_val2014_000000142890.jpg,photograph,NA,NA
COCO_val2014_000000040842.jpg,photograph,NA,NA
COCO_val2014_000000232383.jpg,photograph,NA,NA
COCO_val2014_000000375509.jpg,photograph,NA,NA
COCO_val2014_000000201004.jpg,photograph,NA,NA
COCO_val2014_000000479099.jpg,photograph,NA,NA
COCO_val2014_000000087912.jpg,photograph,NA,NA
COCO_val2014_000000436138.jpg,photograph,NA,NA
COCO_val2014_000000335119.jpg,photograph,NA,NA
COCO_val2014_000000338826.jpg,photograph,NA,NA
COCO_val2014_000000376677.jpg,photograph,NA,NA
COCO_val2014_000000579036.jpg,photograph,NA,NA
COCO_val2014_000000022118.jpg,photograph,NA,NA
COCO_val2014_000000490244.jpg,photograph,NA,NA
COCO_val2014_000000234595.jpg,photograph,NA,NA
COCO_val2014_000000347253.jpg,photograph,NA,NA
COCO_val2014_000000388846.jpg,photograph,NA,NA
COCO_val2014_000000036492.jpg,photograph,NA,NA
COCO_val2014_000000549789.jpg,photograph,NA,NA
COCO_val2014_000000283498.jpg,photograph,NA,NA
COCO_val2014_000000195974.jpg,photograph,NA,NA
COCO_val2014_000000267521.jpg,photograph,NA,NA
COCO_val2014_000000033958.jpg,photograph,NA,NA
COCO_val2014_000000027272.jpg,photograph,NA,NA
COCO_val2014_000000196442.jpg,photograph,NA,NA
COCO_val2014_000000174457.jpg,photograph,NA,NA
COCO_val2014_000000452263.jpg,photograph,NA,NA
COCO_val2014_000000501898.jpg,photograph,NA,NA
COCO_val2014_000000083773.jpg,photograph,NA,NA
COCO_val2014_000000191721.jpg,photograph,NA,NA
COCO_val2014_000000284220.jpg,photograph,NA,NA
COCO_val2014_000000580847.jpg,photograph,NA,NA
COCO_val2014_000000136400.jpg,photograph,NA,NA
COCO_val2014_000000000724.jpg,photograph,NA,NA
COCO_val2014_000000321308.jpg,photograph,NA,NA
COCO_val2014_000000098268.jpg,photograph,NA,NA
COCO_val2014_000000541123.jpg,photograph,NA,NA
COCO_val2014_000000102478.jpg,photograph,NA,NA
COCO_val2014_000000377588.jpg,photograph,NA,NA
COCO_val2014_000000124712.jpg,photograph,NA,NA
COCO_val2014_000000337247.jpg,photograph,NA,NA
COCO_val2014_000000198367.jpg,photograph,NA,NA
COCO_val2014_000000344758.jpg,photograph,NA,NA
COCO_val2014_000000568961.jpg,photograph,NA,NA
COCO_val2014_000000353558.jpg,photograph,NA,NA
COCO_val2014_000000325666.jpg,photograph,NA,NA
COCO_val2014_000000178982.jpg,photograph,NA,NA
COCO_val2014_000000013168.jpg,photograph,NA,NA
COCO_val2014_000000027285.jpg,photograph,NA,NA
COCO_val2014_000000053697.jpg,photograph,NA,NA
COCO_val2014_000000548523.jpg,photograph,NA,NA
COCO_val2014_000000454907.jpg,photograph,NA,NA
COCO_val2014_000000574666.jpg,photograph,NA,NA
COCO_val2014_000000285314.jpg,photograph,NA,NA
COCO_val2014_000000050326.jpg,photograph,NA,NA
COCO_val2014_000000083277.jpg,photograph,NA,NA
COCO_val2014_000000212545.jpg,photograph,NA,NA
COCO_val2014_000000468043.jpg,photograph,NA,NA
COCO_val2014_000000318888.jpg,photograph,NA,NA
COCO_val2014_000000193401.jpg,photograph,NA,NA
COCO_val2014_000000363922.jpg,photograph,NA,NA
COCO_val2014_000000350855.jpg,photograph,NA,NA
COCO_val2014_000000182170.jpg,photograph,NA,NA
COCO_val2014_000000447854.jpg,photograph,NA,NA
COCO_val2014_000000322987.jpg,photograph,NA,NA
COCO_val2014_000000516766.jpg,photograph,NA,NA
COCO_val2014_000000190700.jpg,photograph,NA,NA
COCO_val2014_000000475330.jpg,photograph,NA,NA
COCO_val2014_000000408534.jpg,photograph,NA,NA
COCO_val2014_000000317070.jpg,photograph,NA,NA
COCO_val2014_000000272958.jpg,photograph,NA,NA
COCO_val2014_000000339676.jpg,photograph,NA,NA
COCO_val2014_000000050962.jpg,photograph,NA,NA
COCO_val2014_000000092644.jpg,photograph,NA,NA
COCO_val2014_000000435308.jpg,photograph,NA,NA
COCO_val2014_000000111909.jpg,photograph,NA,NA
COCO_val2014_000000514518.jpg,photograph,NA,NA
COCO_val2014_000000465489.jpg,photograph,NA,NA
COCO_val2014_000000428254.jpg,photograph,NA,NA
COCO_val2014_000000290602.jpg,photograph,NA,NA
COCO_val2014_000000194903.jpg,photograph,NA,NA
COCO_val2014_000000043314.jpg,photograph,NA,NA
COCO_val2014_000000281500.jpg,photograph,NA,NA
COCO_val2014_000000567276.jpg,photograph,NA,NA
COCO_val2014_000000019763.jpg,photograph,NA,NA
COCO_val2014_000000050422.jpg,photograph,NA,NA
COCO_val2014_000000535312.jpg,photograph,NA,NA
COCO_val2014_000000317798.jpg,photograph,NA,NA
COCO_val2014_000000468162.jpg,photograph,NA,NA
COCO_val2014_000000198625.jpg,photograph,NA,NA
COCO_val2014_000000044934.jpg,photograph,NA,NA
COCO_val2014_000000572850.jpg,photograph,NA,NA
COCO_val2014_000000391269.jpg,photograph,NA,NA
COCO_val2014_000000093670.jpg,photograph,NA,NA
COCO_val2014_000000427965.jpg,photograph,NA,NA
COCO_val2014_000000134807.jpg,photograph,NA,NA
COCO_val2014_000000483358.jpg,photograph,NA,NA
COCO_val2014_000000423113.jpg,photograph,NA,NA
COCO_val2014_000000485212.jpg,photograph,NA,NA
COCO_val2014_000000199442.jpg,photograph,NA,NA
COCO_val2014_000000140076.jpg,photograph,NA,NA
COCO_val2014_000000290477.jpg,photograph,NA,NA
COCO_val2014_000000213224.jpg,photograph,NA,NA
COCO_val2014_000000166401.jpg,photograph,NA,NA
COCO_val2014_000000515792.jpg,photograph,NA,NA
COCO_val2014_000000289620.jpg,photograph,NA,NA
COCO_val2014_000000536416.jpg,photograph,NA,NA
COCO_val2014_000000566049.jpg,photograph,NA,NA
COCO_val2014_000000460732.jpg,photograph,NA,NA
COCO_val2014_000000014592.jpg,photograph,NA,NA
COCO_val2014_000000360318.jpg,photograph,NA,NA
COCO_val2014_000000045387.jpg,photograph,NA,NA
COCO_val2014_000000391199.jpg,photograph,NA,NA
COCO_val2014_000000297578.jpg,photograph,NA,NA
COCO_val2014_000000386089.jpg,photograph,NA,NA
COCO_val2014_000000059567.jpg,photograph,NA,NA
COCO_val2014_000000159716.jpg,photograph,NA,NA
COCO_val2014_000000334417.jpg,photograph,NA,NA
COCO_val2014_000000558640.jpg,photograph,NA,NA
COCO_val2014_000000473237.jpg,photograph,NA,NA
COCO_val2014_000000214919.jpg,photograph,NA,NA
COCO_val2014_000000553667.jpg,photograph,NA,NA
COCO_val2014_000000256660.jpg,photograph,NA,NA
COCO_val2014_000000359105.jpg,photograph,NA,NA
COCO_val2014_000000271177.jpg,photograph,NA,NA
COCO_val2014_000000142537.jpg,photograph,NA,NA
COCO_val2014_000000566249.jpg,photograph,NA,NA
COCO_val2014_000000264121.jpg,photograph,NA,NA
COCO_val2014_000000068740.jpg,photograph,NA,NA
COCO_val2014_000000483941.jpg,photograph,NA,NA
COCO_val2014_000000453390.jpg,photograph,NA,NA
COCO_val2014_000000359843.jpg,photograph,NA,NA
COCO_val2014_000000001347.jpg,photograph,NA,NA
COCO_val2014_000000402623.jpg,photograph,NA,NA
COCO_val2014_000000383322.jpg,photograph,NA,NA
COCO_val2014_000000392320.jpg,photograph,NA,NA
COCO_val2014_000000048475.jpg,photograph,NA,NA
COCO_val2014_000000117352.jpg,photograph,NA,NA
COCO_val2014_000000359947.jpg,photograph,NA,NA
COCO_val2014_000000252771.jpg,photograph,NA,NA
COCO_val2014_000000389340.jpg,photograph,NA,NA
COCO_val2014_000000182849.jpg,photograph,NA,NA
COCO_val2014_000000256180.jpg,photograph,NA,NA
COCO_val2014_000000125539.jpg,photograph,NA,NA
COCO_val2014_000000151896.jpg,photograph,NA,NA
COCO_val2014_000000532671.jpg,photograph,NA,NA
COCO_val2014_000000047882.jpg,photograph,NA,NA
COCO_val2014_000000212688.jpg,photograph,NA,NA
COCO_val2014_000000579970.jpg,photograph,NA,NA
COCO_val2014_000000571804.jpg,photograph,NA,NA
COCO_val2014_000000426611.jpg,photograph,NA,NA
COCO_val2014_000000006460.jpg,photograph,NA,NA
COCO_val2014_000000061897.jpg,photograph,NA,NA
COCO_val2014_000000050431.jpg,photograph,NA,NA
COCO_val2014_000000566543.jpg,photograph,NA,NA
COCO_val2014_000000455299.jpg,photograph,NA,NA
COCO_val2014_000000046378.jpg,photograph,NA,NA
COCO_val2014_000000373341.jpg,photograph,NA,NA
COCO_val2014_000000171601.jpg,photograph,NA,NA
COCO_val2014_000000231402.jpg,photograph,NA,NA
COCO_val2014_000000213359.jpg,photograph,NA,NA
COCO_val2014_000000547013.jpg,photograph,NA,NA
COCO_val2014_000000293026.jpg,photograph,NA,NA
COCO_val2014_000000081251.jpg,photograph,NA,NA
COCO_val2014_000000231364.jpg,photograph,NA,NA
COCO_val2014_000000366931.jpg,photograph,NA,NA
COCO_val2014_000000128417.jpg,photograph,NA,NA
COCO_val2014_000000090501.jpg,photograph,NA,NA
COCO_val2014_000000205513.jpg,photograph,NA,NA
COCO_val2014_000000426542.jpg,photograph,NA,NA
COCO_val2014_000000180539.jpg,photograph,NA,NA
COCO_val2014_000000298933.jpg,photograph,NA,NA
COCO_val2014_000000140963.jpg,photograph,NA,NA
COCO_val2014_000000432378.jpg,photograph,NA,NA
COCO_val2014_000000261999.jpg,photograph,NA,NA
COCO_val2014_000000143247.jpg,photograph,NA,NA
COCO_val2014_000000350675.jpg,photograph,NA,NA
COCO_val2014_000000281123.jpg,photograph,NA,NA
COCO_val2014_000000250893.jpg,photograph,NA,NA
COCO_val2014_000000129065.jpg,photograph,NA,NA
COCO_val2014_000000544538.jpg,photograph,NA,NA
COCO_val2014_000000575896.jpg,photograph,NA,NA
COCO_val2014_000000017534.jpg,photograph,NA,NA
COCO_val2014_000000548246.jpg,photograph,NA,NA
COCO_val2014_000000216695.jpg,photograph,NA,NA
COCO_val2014_000000102741.jpg,photograph,NA,NA
COCO_val2014_000000377012.jpg,photograph,NA,NA
COCO_val2014_000000363581.jpg,photograph,NA,NA
COCO_val2014_000000528011.jpg,photograph,NA,NA
COCO_val2014_000000162675.jpg,photograph,NA,NA
COCO_val2014_000000058758.jpg,photograph,NA,NA
COCO_val2014_000000044860.jpg,photograph,NA,NA
COCO_val2014_000000534081.jpg,photograph,NA,NA
COCO_val2014_000000095516.jpg,photograph,NA,NA
COCO_val2014_000000071826.jpg,photograph,NA,NA
COCO_val2014_000000386967.jpg,photograph,NA,NA
COCO_val2014_000000234660.jpg,photograph,NA,NA
COCO_val2014_000000387850.jpg,photograph,NA,NA
COCO_val2014_000000034056.jpg,photograph,NA,NA
COCO_val2014_000000378825.jpg,photograph,NA,NA
COCO_val2014_000000356967.jpg,photograph,NA,NA
COCO_val2014_000000307026.jpg,photograph,NA,NA
COCO_val2014_000000413704.jpg,photograph,NA,NA
COCO_val2014_000000237558.jpg,photograph,NA,NA
COCO_val2014_000000071306.jpg,photograph,NA,NA
COCO_val2014_000000067686.jpg,photograph,NA,NA
COCO_val2014_000000315178.jpg,photograph,NA,NA
COCO_val2014_000000409251.jpg,photograph,NA,NA
COCO_val2014_000000145199.jpg,photograph,NA,NA
COCO_val2014_000000288591.jpg,photograph,NA,NA
COCO_val2014_000000155912.jpg,photograph,NA,NA
COCO_val2014_000000223362.jpg,photograph,NA,NA
COCO_val2014_000000182240.jpg,photograph,NA,NA
COCO_val2014_000000415746.jpg,photograph,NA,NA
COCO_val2014_000000225609.jpg,photograph,NA,NA
COCO_val2014_000000071072.jpg,photograph,NA,NA
COCO_val2014_000000023575.jpg,photograph,NA,NA
COCO_val2014_000000054712.jpg,photograph,NA,NA
COCO_val2014_000000383921.jpg,photograph,NA,NA
COCO_val2014_000000233711.jpg,photograph,NA,NA
COCO_val2014_000000556073.jpg,photograph,NA,NA
COCO_val2014_000000272630.jpg,photograph,NA,NA
COCO_val2014_000000021198.jpg,photograph,NA,NA
COCO_val2014_000000304355.jpg,photograph,NA,NA
COCO_val2014_000000010613.jpg,photograph,NA,NA
COCO_val2014_000000190585.jpg,photograph,NA,NA
COCO_val2014_000000285742.jpg,photograph,NA,NA
COCO_val2014_000000245497.jpg,photograph,NA,NA
COCO_val2014_000000058849.jpg,photograph,NA,NA
COCO_val2014_000000468885.jpg,photograph,NA,NA
COCO_val2014_000000388974.jpg,photograph,NA,NA
COCO_val2014_000000462006.jpg,photograph,NA,NA
COCO_val2014_000000023879.jpg,photograph,NA,NA
COCO_val2014_000000468577.jpg,photograph,NA,NA
COCO_val2014_000000379402.jpg,photograph,NA,NA
COCO_val2014_000000487861.jpg,photograph,NA,NA
COCO_val2014_000000230598.jpg,photograph,NA,NA
COCO_val2014_000000146126.jpg,photograph,NA,NA
COCO_val2014_000000178028.jpg,photograph,NA,NA
COCO_val2014_000000121326.jpg,photograph,NA,NA
COCO_val2014_000000449403.jpg,photograph,NA,NA
COCO_val2014_000000269033.jpg,photograph,NA,NA
COCO_val2014_000000043816.jpg,photograph,NA,NA
COCO_val2014_000000347768.jpg,photograph,NA,NA
COCO_val2014_000000045685.jpg,photograph,NA,NA
COCO_val2014_000000082821.jpg,photograph,NA,NA
COCO_val2014_000000511307.jpg,photograph,NA,NA
COCO_val2014_000000453104.jpg,photograph,NA,NA
COCO_val2014_000000011340.jpg,photograph,NA,NA
COCO_val2014_000000552247.jpg,photograph,NA,NA
COCO_val2014_000000272440.jpg,photograph,NA,NA
COCO_val2014_000000537145.jpg,photograph,NA,NA
COCO_val2014_000000555002.jpg,photograph,NA,NA
COCO_val2014_000000127182.jpg,photograph,NA,NA
COCO_val2014_000000344795.jpg,photograph,NA,NA
COCO_val2014_000000148392.jpg,photograph,NA,NA
COCO_val2014_000000381021.jpg,photograph,NA,NA
COCO_val2014_000000011511.jpg,photograph,NA,NA
COCO_val2014_000000093959.jpg,photograph,NA,NA
COCO_val2014_000000244754.jpg,photograph,NA,NA
COCO_val2014_000000352652.jpg,photograph,NA,NA
COCO_val2014_000000082994.jpg,photograph,NA,NA
COCO_val2014_000000242379.jpg,photograph,NA,NA
COCO_val2014_000000255633.jpg,photograph,NA,NA
COCO_val2014_000000302260.jpg,photograph,NA,NA
COCO_val2014_000000493641.jpg,photograph,NA,NA
COCO_val2014_000000551910.jpg,photograph,NA,NA
COCO_val2014_000000438373.jpg,photograph,NA,NA
COCO_val2014_000000557780.jpg,photograph,NA,NA
COCO_val2014_000000015032.jpg,photograph,NA,NA
COCO_val2014_000000310770.jpg,photograph,NA,NA
COCO_val2014_000000412373.jpg,photograph,NA,NA
COCO_val2014_000000231952.jpg,photograph,NA,NA
COCO_val2014_000000432962.jpg,photograph,NA,NA
COCO_val2014_000000180490.jpg,photograph,NA,NA
COCO_val2014_000000409303.jpg,photograph,NA,NA
COCO_val2014_000000346788.jpg,photograph,NA,NA
COCO_val2014_000000270376.jpg,photograph,NA,NA
COCO_val2014_000000075783.jpg,photograph,NA,NA
COCO_val2014_000000254828.jpg,photograph,NA,NA
COCO_val2014_000000190218.jpg,photograph,NA,NA
COCO_val2014_000000561766.jpg,photograph,NA,NA
COCO_val2014_000000294776.jpg,photograph,NA,NA
COCO_val2014_000000374743.jpg,photograph,NA,NA
COCO_val2014_000000009262.jpg,photograph,NA,NA
COCO_val2014_000000359451.jpg,photograph,NA,NA
COCO_val2014_000000388487.jpg,photograph,NA,NA
COCO_val2014_000000354606.jpg,photograph,NA,NA
COCO_val2014_000000475906.jpg,photograph,NA,NA
COCO_val2014_000000067427.jpg,photograph,NA,NA
COCO_val2014_000000191013.jpg,photograph,NA,NA
COCO_val2014_000000528311.jpg,photograph,NA,NA
COCO_val2014_000000471858.jpg,photograph,NA,NA
COCO_val2014_000000448275.jpg,photograph,NA,NA
COCO_val2014_000000227479.jpg,photograph,NA,NA
COCO_val2014_000000488086.jpg,photograph,NA,NA
COCO_val2014_000000417455.jpg,photograph,NA,NA
COCO_val2014_000000323602.jpg,photograph,NA,NA
COCO_val2014_000000013943.jpg,photograph,NA,NA
COCO_val2014_000000020571.jpg,photograph,NA,NA
COCO_val2014_000000551533.jpg,photograph,NA,NA
COCO_val2014_000000182784.jpg,photograph,NA,NA
COCO_val2014_000000543577.jpg,photograph,NA,NA
COCO_val2014_000000556000.jpg,photograph,NA,NA
COCO_val2014_000000516415.jpg,photograph,NA,NA
COCO_val2014_000000192838.jpg,photograph,NA,NA
COCO_val2014_000000021879.jpg,photograph,NA,NA
COCO_val2014_000000391222.jpg,photograph,NA,NA
COCO_val2014_000000508370.jpg,photograph,NA,NA
COCO_val2014_000000006471.jpg,photograph,NA,NA
COCO_val2014_000000174888.jpg,photograph,NA,NA
COCO_val2014_000000096034.jpg,photograph,NA,NA
COCO_val2014_000000235808.jpg,photograph,NA,NA
COCO_val2014_000000417193.jpg,photograph,NA,NA
COCO_val2014_000000213008.jpg,photograph,NA,NA
COCO_val2014_000000233119.jpg,photograph,NA,NA
COCO_val2014_000000250301.jpg,photograph,NA,NA
COCO_val2014_000000211177.jpg,photograph,NA,NA
COCO_val2014_000000246478.jpg,photograph,NA,NA
COCO_val2014_000000058949.jpg,photograph,NA,NA
COCO_val2014_000000080974.jpg,photograph,NA,NA
COCO_val2014_000000293166.jpg,photograph,NA,NA
COCO_val2014_000000577840.jpg,photograph,NA,NA
COCO_val2014_000000404476.jpg,photograph,NA,NA
COCO_val2014_000000293891.jpg,photograph,NA,NA
COCO_val2014_000000198234.jpg,photograph,NA,NA
COCO_val2014_000000133836.jpg,photograph,NA,NA
COCO_val2014_000000186472.jpg,photograph,NA,NA
COCO_val2014_000000448786.jpg,photograph,NA,NA
COCO_val2014_000000557672.jpg,photograph,NA,NA
COCO_val2014_000000207937.jpg,photograph,NA,NA
COCO_val2014_000000456239.jpg,photograph,NA,NA
COCO_val2014_000000385669.jpg,photograph,NA,NA
COCO_val2014_000000066523.jpg,photograph,NA,NA
COCO_val2014_000000161854.jpg,photograph,NA,NA
COCO_val2014_000000081469.jpg,photograph,NA,NA
COCO_val2014_000000134199.jpg,photograph,NA,NA
COCO_val2014_000000296433.jpg,photograph,NA,NA
COCO_val2014_000000065465.jpg,photograph,NA,NA
COCO_val2014_000000522880.jpg,photograph,NA,NA
COCO_val2014_000000498650.jpg,photograph,NA,NA
COCO_val2014_000000542163.jpg,photograph,NA,NA
COCO_val2014_000000278973.jpg,photograph,NA,NA
COCO_val2014_000000326420.jpg,photograph,NA,NA
COCO_val2014_000000358763.jpg,photograph,NA,NA
COCO_val2014_000000579548.jpg,photograph,NA,NA
COCO_val2014_000000281376.jpg,photograph,NA,NA
COCO_val2014_000000499842.jpg,photograph,NA,NA
COCO_val2014_000000413779.jpg,photograph,NA,NA
COCO_val2014_000000575428.jpg,photograph,NA,NA
COCO_val2014_000000412094.jpg,photograph,NA,NA
COCO_val2014_000000495349.jpg,photograph,NA,NA
COCO_val2014_000000240158.jpg,photograph,NA,NA
COCO_val2014_000000236189.jpg,photograph,NA,NA
COCO_val2014_000000328238.jpg,photograph,NA,NA
COCO_val2014_000000401244.jpg,photograph,NA,NA
COCO_val2014_000000263664.jpg,photograph,NA,NA
COCO_val2014_000000352476.jpg,photograph,NA,NA
COCO_val2014_000000005535.jpg,photograph,NA,NA
COCO_val2014_000000320872.jpg,photograph,NA,NA
COCO_val2014_000000307172.jpg,photograph,NA,NA
COCO_val2014_000000360393.jpg,photograph,NA,NA
COCO_val2014_000000116208.jpg,photograph,NA,NA
COCO_val2014_000000402588.jpg,photograph,NA,NA
COCO_val2014_000000203539.jpg,photograph,NA,NA
COCO_val2014_000000169198.jpg,photograph,NA,NA
COCO_val2014_000000217303.jpg,photograph,NA,NA
COCO_val2014_000000515485.jpg,photograph,NA,NA
COCO_val2014_000000392990.jpg,photograph,NA,NA
COCO_val2014_000000010216.jpg,photograph,NA,NA
COCO_val2014_000000099553.jpg,photograph,NA,NA
COCO_val2014_000000192607.jpg,photograph,NA,NA
COCO_val2014_000000159223.jpg,photograph,NA,NA
COCO_val2014_000000342770.jpg,photograph,NA,NA
COCO_val2014_000000517318.jpg,photograph,NA,NA
COCO_val2014_000000556369.jpg,photograph,NA,NA
COCO_val2014_000000046327.jpg,photograph,NA,NA
COCO_val2014_000000377361.jpg,photograph,NA,NA
COCO_val2014_000000023489.jpg,photograph,NA,NA
COCO_val2014_000000020470.jpg,photograph,NA,NA
COCO_val2014_000000107306.jpg,photograph,NA,NA
COCO_val2014_000000265372.jpg,photograph,NA,NA
COCO_val2014_000000307967.jpg,photograph,NA,NA
COCO_val2014_000000417857.jpg,photograph,NA,NA
COCO_val2014_000000072075.jpg,photograph,NA,NA
COCO_val2014_000000166696.jpg,photograph,NA,NA
COCO_val2014_000000017179.jpg,photograph,NA,NA
COCO_val2014_000000289523.jpg,photograph,NA,NA
COCO_val2014_000000384204.jpg,photograph,NA,NA
COCO_val2014_000000386457.jpg,photograph,NA,NA
COCO_val2014_000000157390.jpg,photograph,NA,NA
COCO_val2014_000000442106.jpg,photograph,NA,NA
COCO_val2014_000000493206.jpg,photograph,NA,NA
COCO_val2014_000000394259.jpg,photograph,NA,NA
COCO_val2014_000000087561.jpg,photograph,NA,NA
COCO_val2014_000000355418.jpg,photograph,NA,NA
COCO_val2014_000000206958.jpg,photograph,NA,NA
COCO_val2014_000000098895.jpg,photograph,NA,NA
COCO_val2014_000000554302.jpg,photograph,NA,NA
COCO_val2014_000000435384.jpg,photograph,NA,NA
COCO_val2014_000000057353.jpg,photograph,NA,NA
COCO_val2014_000000272566.jpg,photograph,NA,NA
COCO_val2014_000000135578.jpg,photograph,NA,NA
COCO_val2014_000000008876.jpg,photograph,NA,NA
COCO_val2014_000000521357.jpg,photograph,NA,NA
COCO_val2014_000000126429.jpg,photograph,NA,NA
COCO_val2014_000000557644.jpg,photograph,NA,NA
COCO_val2014_000000271844.jpg,photograph,NA,NA
COCO_val2014_000000344762.jpg,photograph,NA,NA
COCO_val2014_000000032391.jpg,photograph,NA,NA
COCO_val2014_000000132682.jpg,photograph,NA,NA
COCO_val2014_000000167477.jpg,photograph,NA,NA
COCO_val2014_000000572399.jpg,photograph,NA,NA
COCO_val2014_000000011727.jpg,photograph,NA,NA
COCO_val2014_000000092700.jpg,photograph,NA,NA
COCO_val2014_000000233968.jpg,photograph,NA,NA
COCO_val2014_000000452218.jpg,photograph,NA,NA
COCO_val2014_000000195829.jpg,photograph,NA,NA
COCO_val2014_000000260182.jpg,photograph,NA,NA
COCO_val2014_000000181249.jpg,photograph,NA,NA
COCO_val2014_000000204360.jpg,photograph,NA,NA
COCO_val2014_000000072050.jpg,photograph,NA,NA
image_101,line drawing,NA,NA
image_102,line drawing,NA,NA
image_103,line drawing,NA,NA
image_104,line drawing,NA,NA
image_105,line drawing,NA,NA
image_106,line drawing,NA,NA
image_107,line drawing,NA,NA
image_108,line drawing,NA,NA
image_109,line drawing,NA,NA
image_110,line drawing,NA,NA
image_111,line drawing,NA,NA
image_112,line drawing,NA,NA
image_113,line drawing,NA,NA
image_114,line drawing,NA,NA
image_115,line drawing,NA,NA
image_116,line drawing,NA,NA
image_201,line drawing,NA,NA
image_202,line drawing,NA,NA
image_203,line drawing,NA,NA
image_204,line drawing,NA,NA
image_205,line drawing,NA,NA
image_206,line drawing,NA,NA
image_207,line drawing,NA,NA
image_208,line drawing,NA,NA
image_209,line drawing,NA,NA
image_210,line drawing,NA,NA
image_211,line drawing,NA,NA
image_212,line drawing,NA,NA
image_213,line drawing,NA,NA
image_214,line drawing,NA,NA
image_215,line drawing,NA,NA
image_216,line drawing,NA,NA
image_301,line drawing,NA,NA
image_302,line drawing,NA,NA
image_303,line drawing,NA,NA
image_304,line drawing,NA,NA
image_305,line drawing,NA,NA
image_306,line drawing,NA,NA
image_307,line drawing,NA,NA
image_308,line drawing,NA,NA
image_309,line drawing,NA,NA
image_310,line drawing,NA,NA
image_311,line drawing,NA,NA
image_312,line drawing,NA,NA
image_313,line drawing,NA,NA
image_314,line drawing,NA,NA
image_315,line drawing,NA,NA
image_316,line drawing,NA,NA
image_401,line drawing,NA,NA
image_402,line drawing,NA,NA
image_403,line drawing,NA,NA
image_404,line drawing,NA,NA
image_405,line drawing,NA,NA
image_406,line drawing,NA,NA
image_407,line drawing,NA,NA
image_408,line drawing,NA,NA
image_409,line drawing,NA,NA
image_410,line drawing,NA,NA
image_411,line drawing,NA,NA
image_412,line drawing,NA,NA
image_413,line drawing,NA,NA
image_414,line drawing,NA,NA
image_415,line drawing,NA,NA
image_416,line drawing,NA,NA
image_501,line drawing,NA,NA
image_502,line drawing,NA,NA
image_503,line drawing,NA,NA
image_504,line drawing,NA,NA
image_505,line drawing,NA,NA
image_506,line drawing,NA,NA
image_507,line drawing,NA,NA
image_508,line drawing,NA,NA
image_509,line drawing,NA,NA
image_510,line drawing,NA,NA
image_511,line drawing,NA,NA
image_512,line drawing,NA,NA
image_513,line drawing,NA,NA
image_514,line drawing,NA,NA
image_515,line drawing,NA,NA
image_516,line drawing,NA,NA
image_601,line drawing,NA,NA
image_602,line drawing,NA,NA
image_603,line drawing,NA,NA
image_604,line drawing,NA,NA
image_605,line drawing,NA,NA
image_606,line drawing,NA,NA
image_607,line drawing,NA,NA
image_608,line drawing,NA,NA
image_609,line drawing,NA,NA
image_610,line drawing,NA,NA
image_611,line drawing,NA,NA
image_612,line drawing,NA,NA
image_613,line drawing,NA,NA
image_614,line drawing,NA,NA
image_615,line drawing,NA,NA
image_616,line drawing,NA,NA
image_701,line drawing,NA,NA
image_702,line drawing,NA,NA
image_703,line drawing,NA,NA
image_704,line drawing,NA,NA
image_705,line drawing,NA,NA
image_706,line drawing,NA,NA
image_707,line drawing,NA,NA
image_708,line drawing,NA,NA
image_709,line drawing,NA,NA
image_710,line drawing,NA,NA
image_711,line drawing,NA,NA
image_712,line drawing,NA,NA
image_713,line drawing,NA,NA
image_714,line drawing,NA,NA
image_715,line drawing,NA,NA
image_716,line drawing,NA,NA
image_801,line drawing,NA,NA
image_802,line drawing,NA,NA
image_803,line drawing,NA,NA
image_804,line drawing,NA,NA
image_805,line drawing,NA,NA
image_806,line drawing,NA,NA
image_807,line drawing,NA,NA
image_808,line drawing,NA,NA
image_809,line drawing,NA,NA
image_810,line drawing,NA,NA
image_811,line drawing,NA,NA
image_812,line drawing,NA,NA
image_813,line drawing,NA,NA
image_814,line drawing,NA,NA
image_815,line drawing,NA,NA
image_816,line drawing,NA,NA
